Game,Date,Start Time,Venue,Visiting Team,Home Team,Division
1,05/10/26,10:00 AM,Bridgeport #2,#2 Pithogs,#1 Misfits,Sunday Co-Ed
2,05/10/26,10:00 AM,Bridgeport #3,#3 Cobras,#4 Balls Deep,Sunday Co-Ed
3,05/10/26,11:30 AM,Bridgeport #2,#7 Kraus Krew,#1 Misfits,Sunday Co-Ed
4,05/10/26,11:30 AM,Bridgeport #3,#5 Crew 2.0,#6 Chok it and Stroke it,Sunday Co-Ed
5,05/24/26,10:00 AM,Bridgeport #2,#1 Misfits,#4 Balls Deep,Sunday Co-Ed
6,05/24/26,10:00 AM,Bridgeport #3,#2 Pithogs,#5 Crew 2.0,Sunday Co-Ed
7,05/24/26,11:30 AM,Bridgeport #2,#6 Chok it and Stroke it,#4 Balls Deep,Sunday Co-Ed
8,05/24/26,11:30 AM,Bridgeport #3,#7 Kraus Krew,#3 Cobras,Sunday Co-Ed
9,05/31/26,10:00 AM,Bridgeport #2,#3 Cobras,#2 Pithogs,Sunday Co-Ed
10,05/31/26,10:00 AM,Bridgeport #3,#4 Balls Deep,#5 Crew 2.0,Sunday Co-Ed
11,05/31/26,11:30 AM,Bridgeport #2,#1 Misfits,#2 Pithogs,Sunday Co-Ed
12,05/31/26,11:30 AM,Bridgeport #3,#6 Chok it and Stroke it,#7 Kraus Krew,Sunday Co-Ed
13,06/07/26,9:30 AM,Bridgeport #2,#1 Misfits,#3 Cobras,Sunday Co-Ed
14,06/07/26,9:30 AM,Bridgeport #3,#4 Balls Deep,#2 Pithogs,Sunday Co-Ed
15,06/07/26,10:45 AM,Bridgeport #2,#6 Chok it and Stroke it,#3 Cobras,Sunday Co-Ed
16,06/07/26,10:45 AM,Bridgeport #3,#5 Crew 2.0,#7 Kraus Krew,Sunday Co-Ed
17,06/14/26,10:00 AM,Willson Park 2,#3 Cobras,#5 Crew 2.0,Sunday Co-Ed
18,06/14/26,10:00 AM,Bridgeport #3,#6 Chok it and Stroke it,#2 Pithogs,Sunday Co-Ed
19,06/14/26,11:30 AM,Willson Park 3,#1 Misfits,#5 Crew 2.0,Sunday Co-Ed
20,06/14/26,11:30 AM,Bridgeport #3,#4 Balls Deep,#7 Kraus Krew,Sunday Co-Ed
21,06/21/26,10:00 AM,Bridgeport #2,#5 Crew 2.0,#6 Chok it and Stroke it,Sunday Co-Ed
22,06/21/26,10:00 AM,Bridgeport #3,#7 Kraus Krew,#2 Pithogs,Sunday Co-Ed
23,06/21/26,11:30 AM,Bridgeport #2,#1 Misfits,#6 Chok it and Stroke it,Sunday Co-Ed
24,06/21/26,11:30 AM,Bridgeport #3,#4 Balls Deep,#3 Cobras,Sunday Co-Ed
25,06/28/26,9:30 AM,Bridgeport #2,#3 Cobras,#1 Misfits,Sunday Co-Ed
26,06/28/26,9:30 AM,Bridgeport #3,#5 Crew 2.0,#7 Kraus Krew,Sunday Co-Ed
27,06/28/26,10:45 AM,Bridgeport #2,#1 Misfits,#4 Balls Deep,Sunday Co-Ed
28,06/28/26,10:45 AM,Bridgeport #3,#2 Pithogs,#7 Kraus Krew,Sunday Co-Ed
29,06/28/26,12:00 PM,Bridgeport #2,#6 Chok it and Stroke it,#4 Balls Deep,Sunday Co-Ed
30,07/05/26,10:00 AM,Bridgeport #2,#7 Kraus Krew,#6 Chok it and Stroke it,Sunday Co-Ed
31,07/05/26,10:00 AM,Bridgeport #3,#5 Crew 2.0,#1 Misfits,Sunday Co-Ed
32,07/05/26,11:30 AM,Bridgeport #2,#3 Cobras,#6 Chok it and Stroke it,Sunday Co-Ed
33,07/05/26,11:30 AM,Bridgeport #3,#2 Pithogs,#4 Balls Deep,Sunday Co-Ed
34,07/12/26,10:00 AM,Bridgeport #2,#7 Kraus Krew,#1 Misfits,Sunday Co-Ed
35,07/12/26,10:00 AM,Bridgeport #3,#2 Pithogs,#5 Crew 2.0,Sunday Co-Ed
36,07/12/26,11:30 AM,Bridgeport #2,#7 Kraus Krew,#3 Cobras,Sunday Co-Ed
37,07/12/26,11:30 AM,Bridgeport #3,#4 Balls Deep,#5 Crew 2.0,Sunday Co-Ed
38,07/19/26,9:30 AM,Bridgeport #2,#6 Chok it and Stroke it,#2 Pithogs,Sunday Co-Ed
39,07/19/26,9:30 AM,Bridgeport #3,#4 Balls Deep,#7 Kraus Krew,Sunday Co-Ed
40,07/19/26,10:45 AM,Bridgeport #2,#2 Pithogs,#3 Cobras,Sunday Co-Ed
41,07/19/26,10:45 AM,Bridgeport #3,#5 Crew 2.0,#6 Chok it and Stroke it,Sunday Co-Ed
42,07/19/26,12:00 PM,Bridgeport #2,#3 Cobras,#1 Misfits,Sunday Co-Ed