Date, Start Time, End Time, Location, Visiting Division, Visiting Team, Home Division, Home Team, Game No
5/31/2026, 10:00 am,,Bridgeport #2,Sunday Co-Ed,#3 Cobras,Sunday Co-Ed,#2 Pithogs,9
5/31/2026, 10:00 am,,Bridgeport #3,Sunday Co-Ed,#4 Balls Deep,Sunday Co-Ed,#5 Crew 2.0,10
5/31/2026, 11:30 am,,Bridgeport #2,Sunday Co-Ed,#1 Misfits,Sunday Co-Ed,#2 Pithogs,11
5/31/2026, 11:30 am,,Bridgeport #3,Sunday Co-Ed,#6 Chok it and Stroke it,Sunday Co-Ed,#7 Kraus Krew,12
6/7/2026, 9:30 am,,Bridgeport #2,Sunday Co-Ed,#1 Misfits,Sunday Co-Ed,#3 Cobras,13
6/7/2026, 9:30 am,,Bridgeport #3,Sunday Co-Ed,#4 Balls Deep,Sunday Co-Ed,#2 Pithogs,14
6/7/2026, 10:45 am,,Bridgeport #2,Sunday Co-Ed,#6 Chok it and Stroke it,Sunday Co-Ed,#3 Cobras,15
6/7/2026, 10:45 am,,Bridgeport #3,Sunday Co-Ed,#5 Crew 2.0,Sunday Co-Ed,#7 Kraus Krew,16
6/14/2026, 10:00 am,,Willson Park 2,Sunday Co-Ed,#3 Cobras,Sunday Co-Ed,#5 Crew 2.0,17
6/14/2026, 10:00 am,,Bridgeport #3,Sunday Co-Ed,#6 Chok it and Stroke it,Sunday Co-Ed,#2 Pithogs,18
6/14/2026, 11:30 am,,Willson Park 3,Sunday Co-Ed,#1 Misfits,Sunday Co-Ed,#5 Crew 2.0,19
6/14/2026, 11:30 am,,Bridgeport #3,Sunday Co-Ed,#4 Balls Deep,Sunday Co-Ed,#7 Kraus Krew,20
6/21/2026, 10:00 am,,Bridgeport #2,Sunday Co-Ed,#5 Crew 2.0,Sunday Co-Ed,#6 Chok it and Stroke it,21
6/21/2026, 10:00 am,,Bridgeport #3,Sunday Co-Ed,#7 Kraus Krew,Sunday Co-Ed,#2 Pithogs,22
6/21/2026, 11:30 am,,Bridgeport #2,Sunday Co-Ed,#1 Misfits,Sunday Co-Ed,#6 Chok it and Stroke it,23
6/21/2026, 11:30 am,,Bridgeport #3,Sunday Co-Ed,#4 Balls Deep,Sunday Co-Ed,#3 Cobras,24
6/28/2026, 9:30 am,,Bridgeport #2,Sunday Co-Ed,#3 Cobras,Sunday Co-Ed,#1 Misfits,25
6/28/2026, 9:30 am,,Bridgeport #3,Sunday Co-Ed,#5 Crew 2.0,Sunday Co-Ed,#7 Kraus Krew,26
6/28/2026, 10:45 am,,Bridgeport #2,Sunday Co-Ed,#1 Misfits,Sunday Co-Ed,#4 Balls Deep,27
6/28/2026, 10:45 am,,Bridgeport #3,Sunday Co-Ed,#2 Pithogs,Sunday Co-Ed,#7 Kraus Krew,28
6/28/2026, 12:00 pm,,Bridgeport #2,Sunday Co-Ed,#6 Chok it and Stroke it,Sunday Co-Ed,#4 Balls Deep,29
7/5/2026, 10:00 am,,Bridgeport #2,Sunday Co-Ed,#7 Kraus Krew,Sunday Co-Ed,#6 Chok it and Stroke it,30
7/5/2026, 10:00 am,,Bridgeport #3,Sunday Co-Ed,#5 Crew 2.0,Sunday Co-Ed,#1 Misfits,31
7/5/2026, 11:30 am,,Bridgeport #2,Sunday Co-Ed,#3 Cobras,Sunday Co-Ed,#6 Chok it and Stroke it,32
7/5/2026, 11:30 am,,Bridgeport #3,Sunday Co-Ed,#2 Pithogs,Sunday Co-Ed,#4 Balls Deep,33
7/12/2026, 10:00 am,,Bridgeport #2,Sunday Co-Ed,#7 Kraus Krew,Sunday Co-Ed,#1 Misfits,34
7/12/2026, 10:00 am,,Bridgeport #3,Sunday Co-Ed,#2 Pithogs,Sunday Co-Ed,#5 Crew 2.0,35
7/12/2026, 11:30 am,,Bridgeport #2,Sunday Co-Ed,#7 Kraus Krew,Sunday Co-Ed,#3 Cobras,36
7/12/2026, 11:30 am,,Bridgeport #3,Sunday Co-Ed,#4 Balls Deep,Sunday Co-Ed,#5 Crew 2.0,37
7/19/2026, 9:30 am,,Bridgeport #2,Sunday Co-Ed,#6 Chok it and Stroke it,Sunday Co-Ed,#2 Pithogs,38
7/19/2026, 9:30 am,,Bridgeport #3,Sunday Co-Ed,#4 Balls Deep,Sunday Co-Ed,#7 Kraus Krew,39
7/19/2026, 10:45 am,,Bridgeport #2,Sunday Co-Ed,#2 Pithogs,Sunday Co-Ed,#3 Cobras,40
7/19/2026, 10:45 am,,Bridgeport #3,Sunday Co-Ed,#5 Crew 2.0,Sunday Co-Ed,#6 Chok it and Stroke it,41
7/19/2026, 12:00 pm,,Bridgeport #2,Sunday Co-Ed,#3 Cobras,Sunday Co-Ed,#1 Misfits,
7/26/2026, 10:00 am,,Bridgeport #2,Sunday Co-Ed,#2 Pithogs,Sunday Co-Ed,#1 Misfits,1
7/26/2026, 10:00 am,,Bridgeport #3,Sunday Co-Ed,#3 Cobras,Sunday Co-Ed,#4 Balls Deep,2
7/26/2026, 11:30 am,,Bridgeport #2,Sunday Co-Ed,#7 Kraus Krew,Sunday Co-Ed,#1 Misfits,3
7/26/2026, 11:30 am,,Bridgeport #3,Sunday Co-Ed,#5 Crew 2.0,Sunday Co-Ed,#6 Chok it and Stroke it,4
8/8/2026, 10:00 am,,Bridgeport #2,Sunday Co-Ed,#1 Misfits,Sunday Co-Ed,#4 Balls Deep,5
8/8/2026, 10:00 am,,Bridgeport #3,Sunday Co-Ed,#2 Pithogs,Sunday Co-Ed,#5 Crew 2.0,6
8/8/2026, 11:30 am,,Bridgeport #2,Sunday Co-Ed,#6 Chok it and Stroke it,Sunday Co-Ed,#4 Balls Deep,7
8/8/2026, 11:30 am,,Bridgeport #3,Sunday Co-Ed,#7 Kraus Krew,Sunday Co-Ed,#3 Cobras,8
