ID,Date,Time,Venue,Away Team,Home Team,Away Score,Home Score,Status,Notes
1,2026-05-31,10:00 am,Bridgeport #2,Cobras,Pithogs,,,,
2,2026-05-31,10:00 am,Bridgeport #3,Balls Deep,Crew 2.0,,,,
3,2026-05-31,11:30 am,Bridgeport #2,Misfits,Pithogs,,,,
4,2026-05-31,11:30 am,Bridgeport #3,Chok it and Stroke it,Kraus Krew,,,,
5,2026-06-07,10:45 am,Bridgeport #2,Chok it and Stroke it,Cobras,,,,
6,2026-06-07,10:45 am,Bridgeport #3,Crew 2.0,Kraus Krew,,,,
7,2026-06-07,9:30 am,Bridgeport #2,Misfits,Cobras,,,,
8,2026-06-07,9:30 am,Bridgeport #3,Balls Deep,Pithogs,,,,
9,2026-06-14,10:00 am,Willson Park 2,Cobras,Crew 2.0,,,,
10,2026-06-14,10:00 am,Bridgeport #3,Chok it and Stroke it,Pithogs,,,,
11,2026-06-14,11:30 am,Willson Park 3,Misfits,Crew 2.0,,,,
12,2026-06-14,11:30 am,Bridgeport #3,Balls Deep,Kraus Krew,,,,
13,2026-06-21,10:00 am,Bridgeport #2,Crew 2.0,Chok it and Stroke it,,,,
14,2026-06-21,10:00 am,Bridgeport #3,Kraus Krew,Pithogs,,,,
15,2026-06-21,11:30 am,Bridgeport #2,Misfits,Chok it and Stroke it,,,,
16,2026-06-21,11:30 am,Bridgeport #3,Balls Deep,Cobras,,,,
17,2026-06-28,10:45 am,Bridgeport #2,Misfits,Balls Deep,,,,
18,2026-06-28,10:45 am,Bridgeport #3,Pithogs,Kraus Krew,,,,
19,2026-06-28,12:00 pm,Bridgeport #2,Chok it and Stroke it,Balls Deep,,,,
20,2026-06-28,9:30 am,Bridgeport #2,Cobras,Misfits,,,,
21,2026-06-28,9:30 am,Bridgeport #3,Crew 2.0,Kraus Krew,,,,
22,2026-07-05,10:00 am,Bridgeport #2,Kraus Krew,Chok it and Stroke it,,,,
23,2026-07-05,10:00 am,Bridgeport #3,Crew 2.0,Misfits,,,,
24,2026-07-05,11:30 am,Bridgeport #2,Cobras,Chok it and Stroke it,,,,
25,2026-07-05,11:30 am,Bridgeport #3,Pithogs,Balls Deep,,,,
26,2026-07-12,10:00 am,Bridgeport #2,Kraus Krew,Misfits,,,,
27,2026-07-12,10:00 am,Bridgeport #3,Pithogs,Crew 2.0,,,,
28,2026-07-12,11:30 am,Bridgeport #2,Kraus Krew,Cobras,,,,
29,2026-07-12,11:30 am,Bridgeport #3,Balls Deep,Crew 2.0,,,,
30,2026-07-19,10:45 am,Bridgeport #2,Pithogs,Cobras,,,,
31,2026-07-19,10:45 am,Bridgeport #3,Crew 2.0,Chok it and Stroke it,,,,
32,2026-07-19,12:00 pm,Bridgeport #2,Cobras,Misfits,,,,
33,2026-07-19,9:30 am,Bridgeport #2,Chok it and Stroke it,Pithogs,,,,
34,2026-07-19,9:30 am,Bridgeport #3,Balls Deep,Kraus Krew,,,,
35,2026-07-26,10:00 am,Bridgeport #2,Pithogs,Misfits,,,,
36,2026-07-26,10:00 am,Bridgeport #3,Cobras,Balls Deep,,,,
37,2026-07-26,11:30 am,Bridgeport #2,Kraus Krew,Misfits,,,,
38,2026-07-26,11:30 am,Bridgeport #3,Crew 2.0,Chok it and Stroke it,,,,
39,2026-08-08,10:00 am,Bridgeport #2,Misfits,Balls Deep,,,,
40,2026-08-08,10:00 am,Bridgeport #3,Pithogs,Crew 2.0,,,,
41,2026-08-08,11:30 am,Bridgeport #2,Chok it and Stroke it,Balls Deep,,,,
42,2026-08-08,11:30 am,Bridgeport #3,Kraus Krew,Cobras,,,,
